,Initial Portfolio Value,Final Portfolio Value,Total Return,Base Return,Sharpe Ratio,Max Drawdown
2024,100000000,134291971.08797824,34.29197108797825,13.451845188479105,0.06286055562987915,0.10245002155626919
