,Initial Portfolio Value,Final Portfolio Value,Total Return,Base Return,Sharpe Ratio,Max Drawdown
2017,100000000,106763724.19182356,6.763724191823557,4.697299032478863,0.016707376707303923,0.034461448389060886
